{"sceneName":"Level1","x":2.50130951404572,"y":1.39999985694885,"z":-52.6982421875,"is_Soul1":false,"is_Soul2":false,"san":300,"res":30,"GraveStoneId":[0,1,2,3,4,6],"SpawnEnemyId":[],"ComputerId":[],"EnemyId":[]}