{"sceneName":"Level1","x":2.04246067255735,"y":1.3999969959259,"z":1.14271235466003,"is_Soul1":true,"is_Soul2":true,"san":400,"res":30,"GraveStoneId":[6],"SpawnEnemyId":[],"ComputerId":[],"EnemyId":[]}